{
    "29370": {
        "foot_distance": 0.16,
        "foot_rise": 0.14,
        "kick_time": 0.11,
        "kick_windup_distance": 0.25,
        "lower_foot_time": 0.060000000000000005,
        "move_back_time": 0.29000000000000004,
        "move_to_ball_time": 0.49,
        "move_trunk_back_time": 0.36,
        "move_trunk_time": 0.88,
        "raise_foot_time": 0.75,
        "stabilizing_point_x": -0.04000000000000001,
        "stabilizing_point_y": -0.010000000000000009,
        "trunk_height": 0.39999999999999997,
        "trunk_pitch": -0.5061454830783555,
        "trunk_roll": -0.05235987755982985,
        "trunk_yaw": 0.62482787221397
    }
}
